vms,feed_client_slug,buyer_in_data,rows,review_flag,hfig_client_code__FILL,finance_client__FILL,notes__FILL
beeline,abm_industries,ABM Industries,360027,multiple buyers in feed,,,
beeline,abm_industries,Amway,578,DECIDE: not the feed's client and not a code variant,,,
beeline,amway,AMW,50024,multiple buyers in feed,,,
beeline,amway,Amway,18326,multiple buyers in feed,,,
beeline,chick_fil_a,CFA,14717,multiple buyers in feed,,,
beeline,chick_fil_a,Chick-Fil-A,5641,multiple buyers in feed,,,
beeline,city_of_hope,COH,33432,multiple buyers in feed,,,
beeline,city_of_hope,City Of Hope,13740,multiple buyers in feed,,,
beeline,dropbox,Dropbox,8456,multiple buyers in feed,,,
beeline,dropbox,Dropbox Inc. - Global,5070,multiple buyers in feed,,,
beeline,emerson,EMR,57616,DECIDE: not the feed's client and not a code variant,,,
beeline,emerson,Emerson,13256,multiple buyers in feed,,,
beeline,epicor,EPI,7248,multiple buyers in feed,,,
beeline,epicor,Epicor,2024,multiple buyers in feed,,,
beeline,indorama,Indo,7266,multiple buyers in feed,,,
beeline,indorama,Indorama,1651,multiple buyers in feed,,,
beeline,kimberly_clark,KC,85208,multiple buyers in feed,,,
beeline,kimberly_clark,Kimberly-Clark,25242,multiple buyers in feed,,,
beeline,kimberly_clark,Kimberly-Clark Corp (Consolidated),3623,multiple buyers in feed,,,
beeline,lincoln_financial,LFG,83248,coded variant of another value in this feed,,,
beeline,lincoln_financial,Lincoln Financial Group,12929,multiple buyers in feed,,,
beeline,sonesta_hotels,Sonesta Hotels,24076,multiple buyers in feed,,,
beeline,sonesta_hotels,SON,481,multiple buyers in feed,,,
beeline,ula,United Launch Alliance,7676,,,,
fieldglass,air_liquide,Air Liquide,38779,,,,
fieldglass,albertsons_co,"Albertsons Companies, Inc",466563,,,,
fieldglass,alliance_data_systems,Alliance Data Systems,12283,,,,
fieldglass,ameren,Ameren,60837,multiple buyers in feed,,,
fieldglass,ameren,,913,multiple buyers in feed,,,
fieldglass,apache_corp,Apache Corporation,85193,,,,
fieldglass,aptiv,Aptiv,148088,,,,
fieldglass,bayer,Bayer AG,390272,,,,
fieldglass,capital_group,The Capital Group Companies,38651,,,,
fieldglass,case_new_holland,Case New Holland,45385,,,,
fieldglass,cencora,Cencora Inc.,229066,,,,
fieldglass,commonspirit_health,Dignity Health,38159,DECIDE: not the feed's client and not a code variant,,,
fieldglass,crown_castle,Crown Castle,83336,,,,
fieldglass,delphi_tech,"Guidant Global, Inc.",12459,DECIDE: not the feed's client and not a code variant,,,
fieldglass,delphi_tech,BorgWarner,255,DECIDE: not the feed's client and not a code variant,,,
fieldglass,dte_energy,DTE Energy,41575,,,,
fieldglass,duke_energy,Duke Energy,198481,,,,
fieldglass,eisai,Eisai,34978,,,,
fieldglass,fannie_mae,Fannie Mae,237171,,,,
fieldglass,integra_lifesciences,Integra LifeSciences Corporation,79316,,,,
fieldglass,international,International,13409,,,,
fieldglass,lonza,"Lonza, Inc.",158044,,,,
fieldglass,mary_kay,Mary Kay,41875,,,,
fieldglass,maximus,Maximus,488200,,,,
fieldglass,phillips_66,Phillips 66,52496,,,,
fieldglass,porsche,Porsche,33204,,,,
fieldglass,portland_gen_elec,Portland General Electric,1770,,,,
fieldglass,reckitt_benckiser,Reckitt Benckiser NA,5061,,,,
fieldglass,revlon,Revlon,13006,multiple buyers in feed,,,
fieldglass,revlon,,9,multiple buyers in feed,,,
fieldglass,rio_tinto,Rio Tinto,201844,multiple buyers in feed,,,
fieldglass,rio_tinto,,15335,multiple buyers in feed,,,
fieldglass,volkswagen_group,Volkswagen Group of America,21569,,,,
fieldglass,westrock,WestRock,17577,,,,
fieldglass_client_owned,bayer,Bayer AG,1047275,,,,
vndly,arvinas,Arvinas,5141,multiple buyers in feed,,,
vndly,arvinas,ARV,340,multiple buyers in feed,,,
vndly,jr_automation,JR Automation,34460,,,,[slug corrected 4 Sep: was 'automation'; Bronze calls it 'jr_automation']
vndly,waste_management,WM,651813,coded variant of another value in this feed,,,[slug corrected 4 Sep: was 'management'; Bronze calls it 'waste_management']
vndly,waste_management,Waste Management,570212,multiple buyers in feed,,,[slug corrected 4 Sep: was 'management'; Bronze calls it 'waste_management']
vndly,west_rock,WestRock,114939,,,,
